dummy,t1,t2,t3,t4,t5,t6,t7,t8,t9,t10,t11,t12,t13,t14,t15,t16,t17,t18,t19,t20,t21,t22,t23,t24
s1,0.255143324,0.314214155,0.376590187,0.320718433,0.362823502,0.463279812,0.354332335,0.385440955,0.481176216,0.367945408,0.41725442,0.219897102,0.146453659,0.256806409,0.289944703,0.198470765,0.105200474,0.140542903,0.169851247,0.127258563,0.162479347,0.169135265,0.11955159,0.153362298
s2,0.312948826,0.315628856,0.389057567,0.367060499,0.374188355,0.463543687,0.3892358,0.415917771,0.485546584,0.427547577,0.417271715,0.224880141,0.175194327,0.298514469,0.309687875,0.20409521,0.149784843,0.143209613,0.186706343,0.156451289,0.16297809,0.175707907,0.155384842,0.160219534
s3,0.35453661,0.334138265,0.392110218,0.385481456,0.423227411,0.473022936,0.408688785,0.476755094,0.510190591,0.44128447,0.417313609,0.239357525,0.180822282,0.304030038,0.331745329,0.249897508,0.230775792,0.162297282,0.308157092,0.195301526,0.163860473,0.187679519,0.16320296,0.162011081
s4,0.364298633,0.431139371,0.441504318,0.404595936,0.438353477,0.484378749,0.47015368,0.623642186,0.518010625,0.442256752,0.417352641,0.246017628,0.201812919,0.307404053,0.338262197,0.301478969,0.23686712,0.182952927,0.316015757,0.198749292,0.166469936,0.188826258,0.17453539,0.166625926
s5,0.372349109,0.437166732,0.515607991,0.478707573,0.444665513,0.484783873,0.519900891,0.629638171,0.545281008,0.520111023,0.417361067,0.305273166,0.23202843,0.397400001,0.356933595,0.389730509,0.254742931,0.243996968,0.378255771,0.312841955,0.290324091,0.193723152,0.184035775,0.166990255
s6,0.381015336,0.440283093,0.519513644,0.51379249,0.511097833,0.540973444,0.575513164,0.646724719,0.613370096,0.543728103,0.444935503,0.405468959,0.390125289,0.406723657,0.411212452,0.404251946,0.395934384,0.290919823,0.44506491,0.383368197,0.327613153,0.208137878,0.191006364,0.171583968
s7,0.384460432,0.449948268,0.529870066,0.544198964,0.589775109,0.556367172,0.598951384,0.648524167,0.637060516,0.599871812,0.481670423,0.434374404,0.408407004,0.456667293,0.413893275,0.413747627,0.452491542,0.335938625,0.455992473,0.384378956,0.328752301,0.28625769,0.228657364,0.174598384
s8,0.393809908,0.452318163,0.55168472,0.546548813,0.593406402,0.625514145,0.651736962,0.650684151,0.640460893,0.6232525,0.551281765,0.436444931,0.423199092,0.498119723,0.427656558,0.466306305,0.470138192,0.441679321,0.458039784,0.387693464,0.3576992,0.316149321,0.230652267,0.188618901
s9,0.395858332,0.454994581,0.562456714,0.574369778,0.623030638,0.65281921,0.657948387,0.651392257,0.640652147,0.634213395,0.605482203,0.563901272,0.475342198,0.50128613,0.463039163,0.48616403,0.473291615,0.444627214,0.490773235,0.461408018,0.368433661,0.372325697,0.241841612,0.324118447
s10,0.41552735,0.458470981,0.564107323,0.613707791,0.638451423,0.655562456,0.66711939,0.651444894,0.648102183,0.637594656,0.636510421,0.568450191,0.537647268,0.510429315,0.467044835,0.487393016,0.482333177,0.450140018,0.491758824,0.488831641,0.383189588,0.460343487,0.319509819,0.382024818
s11,0.415865689,0.474245482,0.56476591,0.622889222,0.641033542,0.666772616,0.683880443,0.669740807,0.654980771,0.662785622,0.637479977,0.573168847,0.558599618,0.513056359,0.467753333,0.493511239,0.518868016,0.457802662,0.507453939,0.508252064,0.410042829,0.508100867,0.354013939,0.421257016
s12,0.416816041,0.475441393,0.574817591,0.636586186,0.643695841,0.670195009,0.686017076,0.686133473,0.655836455,0.667314875,0.641652242,0.581162936,0.579135705,0.518361117,0.476889606,0.50777887,0.521939944,0.472334587,0.529818348,0.523694084,0.462268533,0.568147983,0.391675936,0.472707754
s13,0.426053427,0.481720958,0.584795108,0.639222852,0.659876154,0.678846027,0.690012895,0.686704903,0.659346314,0.667900707,0.653627069,0.585945181,0.583447285,0.53144863,0.480975985,0.514933144,0.524547989,0.479643187,0.53571963,0.528372841,0.481399547,0.573206088,0.403225569,0.550070029
s14,0.429085717,0.494398984,0.592231526,0.64114603,0.678360065,0.681268539,0.690020182,0.690272121,0.662707196,0.670034325,0.669105599,0.586115499,0.590733186,0.53805407,0.486981318,0.517989022,0.527352683,0.486970897,0.544747509,0.562420677,0.489458408,0.584202071,0.463104505,0.554531082
s15,0.441377888,0.496416569,0.593205858,0.643987285,0.67880545,0.68823737,0.690628453,0.692718316,0.663149043,0.685680951,0.669722419,0.598809265,0.59142709,0.542067982,0.488622377,0.52309738,0.529700991,0.489830105,0.545362817,0.566001493,0.50133252,0.58937659,0.500571372,0.561705165
s16,0.447399193,0.50289276,0.599142325,0.644134372,0.687023904,0.698641808,0.694460346,0.694683875,0.675897458,0.687250183,0.674901562,0.607780574,0.594569408,0.550508423,0.500378177,0.52316564,0.54319936,0.519373011,0.553203178,0.569401331,0.520850243,0.590718738,0.508532068,0.577776687
s17,0.452508838,0.503926844,0.600793877,0.668318094,0.6971068,0.703229059,0.706504975,0.69982643,0.692501897,0.688690732,0.679142004,0.609856254,0.596680139,0.557000495,0.507496545,0.531965621,0.545216536,0.534671939,0.553687782,0.582629693,0.547123084,0.598651964,0.55450612,0.577878883
s18,0.45334592,0.505075248,0.602024126,0.671243012,0.701925038,0.705322579,0.707140119,0.704306698,0.694793205,0.689283723,0.679155401,0.629844599,0.602526328,0.558599145,0.517436487,0.534641395,0.545753307,0.542241955,0.559675944,0.586317623,0.554047462,0.59952528,0.577139779,0.588988118
s19,0.454563106,0.508058834,0.602070066,0.678945852,0.711224867,0.706109849,0.707830387,0.704391243,0.707454359,0.691551514,0.679231035,0.632930533,0.607449308,0.564111926,0.527456186,0.544211766,0.553160556,0.547270961,0.568661479,0.588053826,0.577149169,0.60449925,0.587818368,0.596528482
s20,0.455750154,0.510750072,0.603603108,0.684585321,0.716582813,0.706734109,0.708152114,0.707791834,0.709938599,0.703907407,0.681938394,0.637671866,0.607887573,0.564669266,0.538516925,0.545111969,0.553406019,0.548389844,0.578196163,0.604189638,0.6127197,0.612046756,0.590988953,0.617386752
s21,0.457417505,0.512222638,0.604537553,0.689192689,0.717910076,0.708657982,0.712148103,0.708184719,0.719333776,0.719526293,0.685418391,0.641340054,0.608314656,0.571876606,0.541107899,0.546089912,0.555234994,0.548505094,0.579828429,0.604728952,0.624814367,0.612806618,0.598184361,0.623681165
s22,0.459174467,0.518080915,0.609383899,0.706171712,0.718846033,0.714841573,0.721023927,0.714238654,0.720209995,0.719651741,0.690351149,0.645596162,0.613627349,0.586151177,0.547162087,0.558177149,0.558561699,0.548896116,0.58520055,0.608064529,0.624938293,0.613208318,0.607240446,0.636435097
s23,0.459935108,0.520881336,0.617379442,0.711940313,0.720152,0.717262441,0.723586201,0.714242808,0.721421944,0.723058014,0.699560786,0.646091792,0.614388716,0.590299806,0.553168581,0.560200805,0.55946053,0.555357582,0.597438515,0.608449689,0.637569335,0.629665128,0.614665034,0.636724736
s24,0.463208902,0.524245,0.631309109,0.714843169,0.722338718,0.720803378,0.732582857,0.715879043,0.722400861,0.724549955,0.70057467,0.647038876,0.617639474,0.591121566,0.553496458,0.561291717,0.560633059,0.559003905,0.597680441,0.619880698,0.638889242,0.629875385,0.622928585,0.639812625
s25,0.464001468,0.525168985,0.640055997,0.719884975,0.727537368,0.723180757,0.735047152,0.738528165,0.726946069,0.729236358,0.700979845,0.648691913,0.624959305,0.592054951,0.553797977,0.564334199,0.565176991,0.559117505,0.599317817,0.622170813,0.640909599,0.631564115,0.624393969,0.641319339
s26,0.466467057,0.527462381,0.641382393,0.721009462,0.734933683,0.73203492,0.739798534,0.746068612,0.727298376,0.735600255,0.703801369,0.648803372,0.626471978,0.596334491,0.561984782,0.566491732,0.565317877,0.569131091,0.604748924,0.624381146,0.641885469,0.632999423,0.63312449,0.643279473
s27,0.467410458,0.529714295,0.648083794,0.723488745,0.735352237,0.735082636,0.740303612,0.748319299,0.727668508,0.735653443,0.70808616,0.649905423,0.627394791,0.599191607,0.56324384,0.570362506,0.567159172,0.577606519,0.606586066,0.635677877,0.646596997,0.633144548,0.634140283,0.644173185
s28,0.47049231,0.53693294,0.651331438,0.728476368,0.737816224,0.735391085,0.743768755,0.760024998,0.740360991,0.738777938,0.709517784,0.655655682,0.628636249,0.599770083,0.565880572,0.582662044,0.57088843,0.579805948,0.608805388,0.637180389,0.649163135,0.640565479,0.638874883,0.653437707
s29,0.473866969,0.537642551,0.661478806,0.728495021,0.741113483,0.745059768,0.747242544,0.760258717,0.741053338,0.739498082,0.71411785,0.669456689,0.638156448,0.599832168,0.574310841,0.585805322,0.571649145,0.582453696,0.608930482,0.638601575,0.650220226,0.650967079,0.640654538,0.653754731
s30,0.473897952,0.539685808,0.664089776,0.729154308,0.749811688,0.749350952,0.748862784,0.771790232,0.742393157,0.74025986,0.717577068,0.67618938,0.642506876,0.604101461,0.595258429,0.588626295,0.573528231,0.58271635,0.608990024,0.63950873,0.653135643,0.655090282,0.640914341,0.658112558
s31,0.475870851,0.545706284,0.667110197,0.73222204,0.756335811,0.757238213,0.757209083,0.77218896,0.752131481,0.743851924,0.723413528,0.677361139,0.646727562,0.60428883,0.597310036,0.58872658,0.5766993,0.590941347,0.613493002,0.639653359,0.653355826,0.667407311,0.65031071,0.658233019
s32,0.476719925,0.54583715,0.669161281,0.733655196,0.757305849,0.763085355,0.762759735,0.776469662,0.754077764,0.744988335,0.727134618,0.680351788,0.648209241,0.605207571,0.600573977,0.606242443,0.579041689,0.592029579,0.614373147,0.640916032,0.657906936,0.672567699,0.663286843,0.658319483
s33,0.476854388,0.548452072,0.673131898,0.735418946,0.758899482,0.764922098,0.764298475,0.778549574,0.75450382,0.748322057,0.736247866,0.680568336,0.650502712,0.607396457,0.604600948,0.617743615,0.579159574,0.601302097,0.617605523,0.648042605,0.661139561,0.679759604,0.667350206,0.658542718
s34,0.479848301,0.550322663,0.673901003,0.737715109,0.759258114,0.766687091,0.765962826,0.787824917,0.757086047,0.751472883,0.73702784,0.681079379,0.652533638,0.607590004,0.605668696,0.621346213,0.579168158,0.603286254,0.618663565,0.655276126,0.664984024,0.687899962,0.668393908,0.661372337
s35,0.480010191,0.55175797,0.674281351,0.742336769,0.76119891,0.766804424,0.768020472,0.78846939,0.761398502,0.756895557,0.73927106,0.68678494,0.659041495,0.609344915,0.609768604,0.622599862,0.59334453,0.606813031,0.619335307,0.655756572,0.666390758,0.691851022,0.674427484,0.662304274
s36,0.480308098,0.552368251,0.675172967,0.744042521,0.767300572,0.767152008,0.768348637,0.788788317,0.761540176,0.760000492,0.745146758,0.692357454,0.661394648,0.623324857,0.616646526,0.631148605,0.608433656,0.61863747,0.625257367,0.659269083,0.669417512,0.69780764,0.685158001,0.673742978
s37,0.480312592,0.553887129,0.675733417,0.745690792,0.768051221,0.769967451,0.773981324,0.793214381,0.764991281,0.769763873,0.749532217,0.692811408,0.662058946,0.624041597,0.622270336,0.632626178,0.608881434,0.627272988,0.634716876,0.66358631,0.673279701,0.705295817,0.687365061,0.689311008
s38,0.480926612,0.561320201,0.676162888,0.746069363,0.771525663,0.770283316,0.775636758,0.797352858,0.766533841,0.775267351,0.749727065,0.698293849,0.664631056,0.625748556,0.63015048,0.637482168,0.613701907,0.63197715,0.636343552,0.664312693,0.677254449,0.712004464,0.700981211,0.69398711
s39,0.482961443,0.561861083,0.678435755,0.751832697,0.772644927,0.772605658,0.777086654,0.798346963,0.772700686,0.775580334,0.752156983,0.703334342,0.671797847,0.628682288,0.636026323,0.644794445,0.616018907,0.632081546,0.637948964,0.664881922,0.679762973,0.717318533,0.708523689,0.700001224
s40,0.487075409,0.562386358,0.680327561,0.75248493,0.775591968,0.774435717,0.778093408,0.798402286,0.785752425,0.778632155,0.755444591,0.70344693,0.677209025,0.633577374,0.638343439,0.649244016,0.617828921,0.633236395,0.638712358,0.672212871,0.692004828,0.720307682,0.715357362,0.708983407
s41,0.490449715,0.563091923,0.682177912,0.753322817,0.780018894,0.775982731,0.77828559,0.799905316,0.788742791,0.780478535,0.755800585,0.704306603,0.678196955,0.638050181,0.638498085,0.650608873,0.618851076,0.6377057,0.645105006,0.678627896,0.69315734,0.725454042,0.724095701,0.712519166
s42,0.491647734,0.569931351,0.683376026,0.755128024,0.780370084,0.776111428,0.779246125,0.801121899,0.799621082,0.781309752,0.760451799,0.705884875,0.684335077,0.640914138,0.645326325,0.654871162,0.621390385,0.643064801,0.646534921,0.68143388,0.696737809,0.733733206,0.724493316,0.71645675
s43,0.492116819,0.572446375,0.68559049,0.759331287,0.782360955,0.779079744,0.780843468,0.804735181,0.79984026,0.78424015,0.767164185,0.713019569,0.686818247,0.640968296,0.646178295,0.656027907,0.622464858,0.646969014,0.647317643,0.683769872,0.697362192,0.740271574,0.726960671,0.722227244
s44,0.495607099,0.576804258,0.688414073,0.761606685,0.787613015,0.782131454,0.78332515,0.808223008,0.801841117,0.786716749,0.771159169,0.716067164,0.689839795,0.643461258,0.653002156,0.658329308,0.626943458,0.655336948,0.647517889,0.685535555,0.697814928,0.743509628,0.72859737,0.729554507
s45,0.502124556,0.577906922,0.688746606,0.763299356,0.791133945,0.78511441,0.783334518,0.810951361,0.802495154,0.79117327,0.773126878,0.717886525,0.690974105,0.643627326,0.65578289,0.660708885,0.631589385,0.655751479,0.661071473,0.687731572,0.709114075,0.744647833,0.729086956,0.730056878
s46,0.506959418,0.580336503,0.691816293,0.764835692,0.791617656,0.785460218,0.784679422,0.814522426,0.806293524,0.791452001,0.77447924,0.721145,0.69159894,0.650419406,0.655976547,0.664157707,0.6412566,0.656484829,0.663422959,0.688734003,0.709645128,0.745480374,0.73017554,0.730752791
s47,0.507700265,0.582199681,0.694227871,0.767753244,0.791864855,0.785683225,0.785816021,0.814977897,0.806574579,0.794121344,0.777104968,0.72128981,0.696697701,0.651629981,0.658712298,0.664900738,0.641969578,0.658791635,0.663606741,0.692748835,0.71264714,0.756485288,0.731695106,0.731893667
s48,0.51149281,0.584672621,0.69427649,0.768783136,0.792235788,0.786484035,0.789993326,0.815408205,0.807927008,0.794436455,0.777237821,0.724023536,0.703374906,0.65485597,0.659526675,0.667370969,0.644358557,0.668898955,0.664612337,0.69742225,0.717354059,0.756823078,0.736451013,0.734499411
s49,0.522676399,0.588240874,0.698512196,0.769006114,0.793837765,0.794738646,0.792561722,0.816266087,0.810083279,0.797021964,0.777763633,0.729825319,0.704907862,0.660333962,0.661790155,0.669843695,0.64635589,0.668978727,0.664850824,0.714851025,0.73262652,0.758982242,0.747107873,0.73975666
s50,0.523010393,0.592381325,0.702868892,0.770115187,0.797111553,0.795299053,0.795177512,0.81659331,0.813286168,0.798552208,0.77777835,0.733968694,0.70586999,0.6654377,0.662705841,0.671679024,0.65260555,0.670463136,0.673401397,0.716303206,0.732987186,0.759130319,0.751506529,0.741834322
s51,0.526171896,0.597643528,0.703760862,0.77116669,0.800899762,0.79873608,0.79691642,0.816961955,0.813299885,0.799679173,0.779895678,0.737677096,0.707428415,0.668025432,0.67088065,0.675336767,0.653150108,0.673278471,0.679360713,0.717406512,0.734248088,0.759589336,0.755152967,0.744953684
s52,0.526614619,0.601355257,0.704372637,0.771279668,0.802146871,0.798765752,0.797616677,0.817614286,0.814291641,0.801865505,0.780195749,0.742305689,0.708827614,0.669036206,0.671704609,0.679028044,0.658797051,0.673604323,0.684765899,0.719372591,0.736487841,0.769385482,0.757950777,0.746475801
s53,0.530222777,0.602263706,0.707472578,0.772999007,0.80471868,0.799164181,0.799635018,0.820739853,0.815997752,0.801890248,0.781094189,0.742787157,0.710967506,0.672283738,0.671793109,0.685314067,0.668664119,0.675475553,0.687377358,0.720719092,0.736706665,0.774745004,0.758243479,0.763958131
s54,0.535395482,0.606628509,0.70931356,0.773114885,0.807447889,0.801374969,0.808004957,0.821533154,0.81648375,0.808960253,0.782925924,0.745767429,0.713287685,0.680562764,0.672312608,0.690266878,0.669433206,0.681682344,0.688255752,0.722969164,0.737575245,0.775203142,0.758764447,0.766531699
s55,0.540132005,0.60753968,0.709832497,0.775471456,0.808504874,0.808963455,0.812641958,0.821986691,0.818278256,0.810810323,0.784620702,0.74654988,0.713778862,0.687403887,0.673385609,0.690709535,0.677907271,0.682431245,0.688797431,0.723152367,0.754908267,0.782103285,0.762849462,0.768736013
s56,0.541000771,0.6088531,0.712530806,0.776701244,0.808856383,0.809137828,0.815758822,0.82212058,0.818548073,0.812738911,0.784687627,0.751750937,0.716743791,0.688140093,0.674731726,0.693595063,0.679364069,0.68796728,0.700090196,0.724073595,0.756187295,0.784601046,0.766244577,0.769808674
s57,0.543572533,0.611999089,0.712726368,0.778138683,0.812306153,0.809184651,0.819163169,0.824394143,0.818581906,0.813039095,0.787584416,0.755049495,0.716846595,0.690679745,0.679431532,0.69390138,0.682319242,0.69363354,0.703563713,0.727568305,0.757258717,0.784657546,0.776443116,0.772036084
s58,0.544712613,0.613902935,0.714059033,0.778501579,0.814044484,0.809832975,0.820751216,0.824407943,0.819322292,0.814536122,0.788271532,0.758221245,0.717839279,0.691362722,0.679651851,0.694820306,0.686559203,0.696620668,0.710622088,0.728633544,0.759604756,0.785237702,0.779134065,0.773641719
s59,0.546257951,0.614132177,0.714400615,0.780133117,0.816060799,0.814120253,0.82749563,0.824787708,0.821415257,0.81534812,0.78919372,0.761969363,0.73092831,0.697999869,0.68155346,0.696311726,0.687186004,0.696636903,0.715098552,0.733457289,0.760003828,0.785681567,0.785202885,0.778011965
s60,0.549045302,0.615548698,0.718369631,0.783921832,0.816241068,0.814821778,0.82782656,0.825552393,0.821534499,0.817009951,0.791317217,0.762149362,0.731536498,0.699896262,0.686084244,0.697152701,0.69198965,0.701517211,0.717064709,0.736244169,0.76123829,0.790553068,0.792090152,0.779879313
s61,0.551822931,0.615595559,0.720828496,0.786221272,0.819431952,0.816407528,0.828916192,0.826321429,0.823445109,0.819368498,0.792384683,0.764109015,0.734881119,0.700804296,0.688630073,0.702339091,0.692422138,0.703046493,0.724434067,0.739100534,0.764609503,0.790799624,0.795099217,0.780437211
s62,0.560171479,0.619485396,0.721244415,0.790777079,0.819646491,0.817986559,0.831207906,0.826478661,0.824121476,0.821392629,0.794328993,0.764897388,0.734909763,0.702898372,0.690640456,0.705937399,0.69593458,0.703409607,0.726240905,0.741312682,0.770030311,0.791040483,0.796157287,0.780819196
s63,0.561332104,0.626156598,0.721476605,0.790841962,0.820793712,0.81959402,0.831246816,0.826530228,0.825409772,0.821897339,0.794770292,0.767549171,0.736764705,0.709000217,0.693163542,0.706721485,0.698494334,0.712604483,0.726358548,0.74140236,0.772027661,0.79615229,0.797695332,0.781441784
s64,0.565337199,0.626567566,0.72432377,0.791481467,0.8208073,0.82287905,0.834769351,0.826957433,0.825859358,0.822861906,0.794948952,0.769574862,0.737561538,0.710599865,0.693412646,0.708980665,0.699980525,0.713263495,0.729048753,0.748713708,0.77471642,0.800244878,0.798203528,0.788681138
s65,0.570104241,0.632082684,0.724912175,0.79220853,0.821379623,0.825634401,0.835389179,0.827910195,0.827338066,0.822866441,0.799400192,0.772781998,0.737661499,0.71669398,0.694299835,0.709645504,0.703072741,0.714017541,0.729674881,0.748952622,0.776892729,0.802098826,0.798364902,0.790233348
s66,0.570589724,0.632762426,0.727541126,0.792234839,0.821847321,0.827804828,0.837647744,0.827946102,0.828588832,0.828053471,0.800651349,0.773766264,0.738675594,0.720960455,0.695418966,0.710074074,0.703105377,0.714711641,0.73185566,0.752071217,0.781049718,0.802375088,0.801898233,0.79210711
s67,0.571348196,0.634874263,0.729703642,0.793555443,0.82244361,0.828540906,0.839178073,0.828507595,0.828912758,0.829359218,0.800934394,0.773884347,0.743455941,0.724515476,0.7018687,0.714129447,0.706948404,0.725669982,0.733464754,0.752604025,0.782737458,0.804142527,0.802241398,0.794405031
s68,0.577562488,0.637693105,0.732159445,0.795234697,0.823361213,0.830695711,0.839973464,0.829456568,0.829976215,0.829753374,0.800939747,0.778447348,0.74406747,0.725455842,0.705445182,0.72154908,0.714992879,0.726077589,0.733610747,0.75863269,0.78334044,0.804188752,0.802758171,0.795894767
s69,0.583709708,0.639308898,0.732180867,0.795763188,0.823373377,0.831703786,0.84180722,0.832905784,0.830452835,0.829988199,0.805875452,0.780950648,0.744301867,0.729875072,0.708915513,0.727362719,0.717552467,0.727058222,0.73425636,0.760018474,0.783968656,0.808510318,0.802857426,0.799610397
s70,0.591689967,0.640047307,0.732948664,0.797373045,0.824531876,0.832268893,0.842597803,0.833815946,0.830660052,0.832258766,0.80603609,0.782749164,0.746450927,0.732665348,0.711411711,0.729704681,0.717986449,0.729499485,0.735588315,0.760273488,0.786630056,0.809576813,0.804851202,0.801247665
s71,0.592611909,0.643745086,0.734518712,0.797851152,0.826516316,0.833050328,0.842663023,0.83643064,0.831213831,0.833182002,0.811301866,0.782925971,0.746954187,0.732842132,0.712749038,0.731673242,0.72254617,0.729543179,0.738067972,0.760750407,0.787050324,0.812573298,0.805043105,0.803832669
s72,0.592827279,0.650177268,0.734725436,0.799003316,0.828288071,0.833473945,0.843088889,0.836950768,0.831837324,0.833836102,0.813786936,0.788329384,0.75204118,0.733481229,0.713010495,0.734363146,0.72422925,0.731008773,0.738876977,0.762301659,0.787676308,0.814484914,0.807188193,0.807381467
s73,0.597652671,0.653254821,0.737562002,0.799157683,0.829538217,0.836312527,0.84580108,0.842558449,0.832432635,0.834684832,0.814064326,0.789390335,0.755357654,0.733559565,0.718133318,0.734467725,0.726749329,0.736167367,0.73973274,0.763517321,0.788986769,0.814745069,0.809540206,0.807860049
s74,0.603020115,0.654285809,0.740441633,0.800547894,0.830337113,0.837245457,0.846686833,0.843245455,0.832787658,0.835968513,0.81416907,0.790062196,0.76033833,0.737250633,0.720228323,0.735297185,0.73080939,0.737030766,0.744244661,0.763531888,0.790590645,0.814973513,0.809644507,0.807949774
s75,0.605826895,0.654427743,0.740756957,0.801257393,0.830877835,0.837602647,0.848327695,0.84433038,0.835251017,0.836701938,0.814837338,0.791373236,0.764081902,0.737845238,0.724860412,0.737656329,0.73220769,0.737669562,0.745075902,0.76505359,0.792413786,0.816296742,0.810075957,0.812319971
s76,0.606388902,0.656078672,0.742374201,0.801866153,0.83448442,0.837712457,0.849653709,0.846763806,0.835484929,0.837475361,0.816817817,0.791715993,0.764545863,0.741155622,0.726725204,0.737744443,0.732590528,0.737991515,0.752463372,0.765306955,0.794410335,0.816531333,0.812637786,0.814876577
s77,0.611042517,0.662614683,0.743107035,0.80273301,0.835610757,0.840070468,0.849683546,0.847187126,0.836069146,0.839561794,0.81709902,0.792749245,0.76582145,0.743693512,0.727928289,0.73957282,0.740232315,0.738586825,0.752535263,0.765726163,0.79515666,0.816730922,0.81442025,0.816057947
s78,0.61412886,0.664085067,0.743137795,0.803665852,0.837228716,0.842369994,0.855393374,0.847762544,0.838050924,0.839651683,0.818448146,0.794077133,0.766583911,0.744526081,0.728727621,0.745210235,0.740590263,0.739021819,0.753483886,0.76730399,0.796051553,0.821378077,0.815148233,0.816532397
s79,0.618834488,0.674786374,0.744627741,0.804027673,0.839694185,0.842692366,0.857416678,0.848010955,0.840600054,0.842072339,0.819178673,0.796692218,0.771709572,0.747518233,0.731826307,0.745218114,0.747724754,0.741667377,0.753766237,0.767926145,0.796546578,0.821813659,0.816363695,0.816629499
s80,0.620382319,0.681173441,0.747853166,0.804382951,0.83985108,0.843956548,0.857831104,0.850715347,0.842992597,0.843622973,0.821980621,0.796710195,0.773669596,0.74948885,0.733950674,0.747153691,0.75099861,0.758852552,0.754681151,0.768001549,0.797040048,0.822242359,0.817895754,0.818714027
s81,0.624891768,0.684235601,0.748441143,0.805073107,0.842174718,0.846757609,0.860941429,0.851143696,0.847801039,0.845189337,0.823465464,0.806916269,0.778807856,0.751774541,0.737801033,0.749073537,0.751384106,0.762291761,0.758345681,0.768709882,0.797179878,0.822556458,0.821098001,0.819067304
s82,0.626003532,0.685780941,0.751056811,0.805109037,0.842638544,0.846855342,0.861465415,0.852967628,0.848348495,0.847343141,0.824214377,0.807900708,0.779704416,0.756711505,0.7405699,0.750700025,0.754316807,0.764941611,0.763955741,0.771323828,0.808335849,0.828336173,0.821936435,0.819740377
s83,0.626075189,0.688772741,0.751315461,0.805546807,0.842666177,0.852047171,0.861798663,0.854023534,0.851348481,0.847670706,0.829008958,0.809020657,0.783267663,0.757469161,0.740616491,0.755773438,0.763895205,0.765299042,0.764841165,0.771771155,0.810299399,0.830338495,0.824751976,0.820777528
s84,0.626912769,0.695391026,0.752121799,0.805833002,0.848104267,0.852451386,0.861963065,0.855278496,0.854154134,0.84867842,0.83024579,0.809602492,0.788518538,0.757586371,0.742588823,0.756891972,0.765391839,0.767881125,0.76696372,0.775380527,0.810516357,0.833960819,0.831257873,0.820804855
s85,0.627193942,0.698650912,0.752303843,0.809968708,0.848331169,0.853123936,0.862045161,0.862497597,0.85426833,0.851496524,0.830297185,0.809756023,0.788616146,0.757867546,0.74479002,0.758111978,0.766640942,0.768387941,0.768700194,0.779933843,0.813060797,0.83658255,0.833357408,0.824186135
s86,0.62799878,0.700359043,0.755126081,0.811520241,0.849531319,0.857584709,0.862684569,0.862840368,0.855930919,0.852109975,0.834677138,0.817609554,0.789847697,0.758094137,0.750262437,0.770344477,0.767878154,0.772880006,0.772831667,0.783756368,0.816838864,0.837417083,0.837060603,0.82887259
s87,0.636560533,0.700715356,0.757442429,0.812945871,0.851042649,0.858912359,0.86484097,0.863071783,0.859326632,0.854595295,0.843712694,0.818294308,0.794753073,0.761222522,0.758146644,0.771287256,0.771515944,0.775077011,0.776002195,0.786965541,0.81846392,0.837556368,0.838214094,0.829028734
s88,0.639468804,0.702901361,0.758249766,0.814958766,0.858176335,0.862944168,0.865149272,0.864601026,0.861431979,0.854615174,0.850132343,0.822665473,0.796081412,0.761861067,0.759241104,0.772757251,0.778657865,0.775891452,0.77925872,0.793618774,0.818659965,0.840314643,0.841786854,0.829159612
s89,0.646069283,0.708556323,0.761170035,0.816397934,0.859056332,0.868270104,0.867575624,0.866663339,0.863191232,0.861640259,0.855411459,0.827404863,0.804797402,0.765501346,0.761662751,0.773986003,0.780066498,0.775897901,0.783363368,0.794103809,0.819861914,0.840492722,0.848257214,0.832357986
s90,0.650324745,0.70935563,0.76162436,0.820239069,0.860880457,0.868972661,0.869266983,0.867384457,0.870260501,0.863173499,0.859262751,0.835329136,0.805496886,0.768399561,0.767888845,0.774586023,0.784738885,0.780114584,0.784294397,0.795826013,0.821715772,0.845068394,0.848279965,0.835520432
s91,0.65704357,0.71468015,0.763177081,0.828608237,0.862445331,0.877664833,0.872649535,0.869959811,0.872452853,0.871513161,0.860171469,0.835781348,0.80597128,0.773618695,0.772532017,0.780536348,0.788301757,0.78225988,0.791959903,0.801106073,0.822244466,0.848379872,0.850662565,0.836853395
s92,0.657299635,0.71614128,0.764446293,0.833766328,0.862965063,0.881599392,0.888409163,0.870910658,0.872561409,0.875410089,0.862398086,0.838820051,0.810274501,0.780073112,0.784529225,0.785374298,0.794977734,0.78470199,0.799088307,0.816551028,0.825506347,0.855794656,0.851181666,0.839057621
s93,0.669925946,0.716373582,0.764868771,0.845527862,0.869603331,0.882871004,0.889178227,0.873447316,0.872868579,0.875895765,0.867914685,0.842868552,0.811579094,0.780476762,0.786081196,0.795395703,0.795870579,0.787077914,0.800172184,0.817226402,0.826174591,0.856649195,0.851221484,0.84298784
s94,0.674227732,0.742808617,0.777771132,0.847533101,0.873417125,0.884290032,0.889511203,0.87416537,0.873194603,0.878635547,0.869316981,0.844018593,0.813804545,0.7846442,0.789100086,0.795928368,0.796474203,0.789581319,0.801556839,0.818747792,0.829578641,0.864069802,0.851540112,0.852214183
s95,0.676267165,0.763334701,0.793179274,0.849692792,0.884267402,0.897796779,0.900478047,0.877462285,0.874921221,0.886712152,0.870705234,0.84470542,0.81599128,0.792035888,0.791742169,0.7988313,0.802978327,0.804822395,0.806617689,0.826516553,0.841113088,0.864251712,0.856083168,0.860277293
s96,0.684417161,0.764368688,0.799049806,0.853621696,0.88546163,0.898635827,0.904862143,0.885125717,0.883677749,0.890071784,0.871850374,0.852590998,0.816045183,0.799798681,0.801593044,0.827103335,0.805420645,0.817083955,0.810098052,0.828044864,0.852494029,0.865790374,0.866494791,0.862193656
s97,0.706976718,0.800142371,0.80413819,0.856202519,0.887068726,0.906307724,0.920819115,0.896349019,0.890186054,0.905090811,0.871857009,0.864718588,0.816804362,0.810367322,0.811595387,0.828828908,0.8099305,0.840575947,0.813450728,0.831967522,0.861768334,0.900538347,0.869152231,0.938126734
s98,0.711288211,0.809460437,0.804185076,0.857708814,0.889218782,0.912908861,0.939268716,0.909103682,0.926590171,0.919051574,0.936281889,0.865577464,0.817606957,0.840519913,0.825304304,0.84936492,0.826191795,0.849155942,0.815049857,0.890773281,0.872405156,0.938133328,0.872000752,0.947279598
s99,0.722910113,0.825759598,0.807639113,0.858099385,0.905182095,0.926273731,0.943198565,0.940802344,0.927455216,0.92742793,0.938806143,0.950654863,0.85809382,0.913031288,0.852654571,0.850418327,0.830768093,0.856224458,0.93962814,0.957538679,0.927107481,0.939358421,0.964421816,0.98765434
s100,0.761322504,0.828783481,0.808313741,0.889865613,0.954676472,0.947862119,0.951989279,0.986556818,0.96326494,0.981795369,0.970537344,0.975905904,0.903162037,0.947121103,0.868620341,0.856429487,0.835205606,0.860538552,0.957935709,0.985896469,0.961790361,0.952358375,0.995518968,0.990822148
